<?xml version="1.0" encoding="UTF-8" ?>
<!DOCTYPE mapper
  PUBLIC "-//mybatis.org//DTD Mapper 3.0//EN"
  "http://mybatis.org/dtd/mybatis-3-mapper.dtd">
<!-- Board객체의 mybatis 설정 문제 -->
<mapper namespace="com.board">

	<insert id="boardInsert" parameterType="BoardDTO">
		insert into board values(
		#{bid}, #{user_id}, #{btitle}, #{bcontent},#{bcount}
		)
	</insert>
	<update id="boardUpdate" parameterType="BoardDTO">
		update board set
		user_id = #{user_id}, btitle=#{btitle}, bcontent=#{bcontent} where bid = #{bid}
	</update>

	<select id="boardInfo" parameterType="string" resultType="BoardDTO">
		select * from board where bid = #{bid }
	</select>

	<select id="boardList" resultType="BoardDTO">
		select * from board
	</select>

	<select id="boardFind" parameterType="BoardDTO" resultType="BoardDTO">
		select * from board where bid=#{bid }
	</select>

	<delete id="boardDelete" parameterType="String">
		delete from board where bid = #{bid}
	</delete>
	
	<update id="countUp" parameterType="int">
		update board set bcount=bcount+1 where bid = #{bid}
	</update>
</mapper>