<?xml version="1.0" encoding="UTF-8" ?>
<!DOCTYPE mapper
  PUBLIC "-//mybatis.org//DTD Mapper 3.0//EN"
  "http://mybatis.org/dtd/mybatis-3-mapper.dtd">
<!-- Member객체의 mybatis 설정 문제 -->
<mapper namespace="com.takein">


	<insert id="intakeInsert" parameterType="TakeInDTO">

	insert into intake (code, id, idate, icount)
		values(
			#{code},
			#{id},
			current_date(),
			1)

	</insert>


	<select id="intakeSelectOne" parameterType="int" resultType="TakeInDTO">
		select * from intake where code=#{code}
	</select>

	<select id="intakeSearch" parameterType="string"
		resultType="TakeinFoodDTO">
		select f.*, i.id, i.idate, i.icount from food as f join
		intake as i on (f.code = i.code) where i.id = #{id} and
		icount>0 and f.name like CONCAT('%',#{keyword},'%')
	</select>

	<select id="intakeList" parameterType="string"
		resultType="TakeinFoodDTO">
		select
			 f.*
			 , i.id
			 , i.idate
		 	 , i.icount
			 from food f join intake i
			 on f.code = i.code 
			 where i.id = #{id} and	i.icount > 0
	</select>



	<select id="intakeSum" resultType="TakeinSumDTO">
select sum(f.calory*i.icount) as calory,
			sum(f.carbo*i.icount) as carbo,
			sum(f.protein*i.icount) as protein,
			sum(f.fat*i.icount) as fat,
			sum(f.sugar*i.icount) as sugar,
			sum(f.natrium*i.icount) as natrium,
			sum(f.chole*i.icount) as chole,
			sum(f.fattyacid*i.icount) as fattyacid,
			sum(f.transfat*i.icount) as transfat
			from food as f
			join intake as i
			on (f.code = i.code)
			where i.id=#{id} and icount>0

	</select>

	<select id="intakeInfo" parameterType="string" resultType="TakeinFoodDTO">
		select f.*, i.id, i.idate, i.icount from food as f join
		intake as i on (f.code = i.code) where i.code = #{code} and i.id=
		#{id} and icount>0
	</select>

	<update id="intakeupdate" parameterType="TakeInDTO" >
		update intake set icount = icount+1 where code = #{code} and id = #{id} and idate = current_date()
	</update>

</mapper>